random_proportional_0	random_proportional_0
random_proportional_32	random_proportional_32
random_proportional_64	random_proportional_64
random_proportional_96	random_proportional_96
random_proportional_128	random_proportional_128
random_proportional_160	random_proportional_160
random_proportional_192	random_proportional_192
random_proportional_224	random_proportional_224
random_proportional_256	random_proportional_256
random_proportional_288	random_proportional_288
random_proportional_320	random_proportional_320
random_proportional_352	random_proportional_352
random_proportional_384	random_proportional_384
random_proportional_416	random_proportional_416
random_proportional_448	random_proportional_448
random_proportional_480	random_proportional_480
random_proportional_512	random_proportional_512
random_proportional_544	random_proportional_544
random_proportional_576	random_proportional_576
random_proportional_608	random_proportional_608
random_proportional_640	random_proportional_640
random_proportional_672	random_proportional_672
random_proportional_704	random_proportional_704
random_proportional_736	random_proportional_736
random_proportional_768	random_proportional_768
random_proportional_800	random_proportional_800
random_proportional_832	random_proportional_832
random_proportional_864	random_proportional_864
random_proportional_896	random_proportional_896
random_proportional_928	random_proportional_928
random_proportional_960	random_proportional_960
random_proportional_992	random_proportional_992
random_proportional_1	random_proportional_1
random_proportional_33	random_proportional_33
random_proportional_65	random_proportional_65
random_proportional_97	random_proportional_97
random_proportional_129	random_proportional_129
random_proportional_161	random_proportional_161
random_proportional_193	random_proportional_193
random_proportional_225	random_proportional_225
random_proportional_257	random_proportional_257
random_proportional_289	random_proportional_289
random_proportional_321	random_proportional_321
random_proportional_353	random_proportional_353
random_proportional_385	random_proportional_385
random_proportional_417	random_proportional_417
random_proportional_449	random_proportional_449
random_proportional_481	random_proportional_481
random_proportional_513	random_proportional_513
random_proportional_545	random_proportional_545
random_proportional_577	random_proportional_577
random_proportional_609	random_proportional_609
random_proportional_641	random_proportional_641
random_proportional_673	random_proportional_673
random_proportional_705	random_proportional_705
random_proportional_737	random_proportional_737
random_proportional_769	random_proportional_769
random_proportional_801	random_proportional_801
random_proportional_833	random_proportional_833
random_proportional_865	random_proportional_865
random_proportional_897	random_proportional_897
random_proportional_929	random_proportional_929
random_proportional_961	random_proportional_961
random_proportional_993	random_proportional_993
random_proportional_2	random_proportional_2
random_proportional_34	random_proportional_34
random_proportional_66	random_proportional_66
random_proportional_98	random_proportional_98
random_proportional_130	random_proportional_130
random_proportional_162	random_proportional_162
random_proportional_194	random_proportional_194
random_proportional_226	random_proportional_226
random_proportional_258	random_proportional_258
random_proportional_290	random_proportional_290
random_proportional_322	random_proportional_322
random_proportional_354	random_proportional_354
random_proportional_386	random_proportional_386
random_proportional_418	random_proportional_418
random_proportional_450	random_proportional_450
random_proportional_482	random_proportional_482
random_proportional_514	random_proportional_514
random_proportional_546	random_proportional_546
random_proportional_578	random_proportional_578
random_proportional_610	random_proportional_610
random_proportional_642	random_proportional_642
random_proportional_674	random_proportional_674
random_proportional_706	random_proportional_706
random_proportional_738	random_proportional_738
random_proportional_770	random_proportional_770
random_proportional_802	random_proportional_802
random_proportional_834	random_proportional_834
random_proportional_866	random_proportional_866
random_proportional_898	random_proportional_898
random_proportional_930	random_proportional_930
random_proportional_962	random_proportional_962
random_proportional_994	random_proportional_994
random_proportional_3	random_proportional_3
random_proportional_35	random_proportional_35
random_proportional_67	random_proportional_67
random_proportional_99	random_proportional_99
random_proportional_131	random_proportional_131
random_proportional_163	random_proportional_163
random_proportional_195	random_proportional_195
random_proportional_227	random_proportional_227
random_proportional_259	random_proportional_259
random_proportional_291	random_proportional_291
random_proportional_323	random_proportional_323
random_proportional_355	random_proportional_355
random_proportional_387	random_proportional_387
random_proportional_419	random_proportional_419
random_proportional_451	random_proportional_451
random_proportional_483	random_proportional_483
random_proportional_515	random_proportional_515
random_proportional_547	random_proportional_547
random_proportional_579	random_proportional_579
random_proportional_611	random_proportional_611
random_proportional_643	random_proportional_643
random_proportional_675	random_proportional_675
random_proportional_707	random_proportional_707
random_proportional_739	random_proportional_739
random_proportional_771	random_proportional_771
random_proportional_803	random_proportional_803
random_proportional_835	random_proportional_835
random_proportional_867	random_proportional_867
random_proportional_899	random_proportional_899
random_proportional_931	random_proportional_931
random_proportional_963	random_proportional_963
random_proportional_995	random_proportional_995
random_proportional_4	random_proportional_4
random_proportional_36	random_proportional_36
random_proportional_68	random_proportional_68
random_proportional_100	random_proportional_100
random_proportional_132	random_proportional_132
random_proportional_164	random_proportional_164
random_proportional_196	random_proportional_196
random_proportional_228	random_proportional_228
random_proportional_260	random_proportional_260
random_proportional_292	random_proportional_292
random_proportional_324	random_proportional_324
random_proportional_356	random_proportional_356
random_proportional_388	random_proportional_388
random_proportional_420	random_proportional_420
random_proportional_452	random_proportional_452
random_proportional_484	random_proportional_484
random_proportional_516	random_proportional_516
random_proportional_548	random_proportional_548
random_proportional_580	random_proportional_580
random_proportional_612	random_proportional_612
random_proportional_644	random_proportional_644
random_proportional_676	random_proportional_676
random_proportional_708	random_proportional_708
random_proportional_740	random_proportional_740
random_proportional_772	random_proportional_772
random_proportional_804	random_proportional_804
random_proportional_836	random_proportional_836
random_proportional_868	random_proportional_868
random_proportional_900	random_proportional_900
random_proportional_932	random_proportional_932
random_proportional_964	random_proportional_964
random_proportional_996	random_proportional_996
random_proportional_5	random_proportional_5
random_proportional_37	random_proportional_37
random_proportional_69	random_proportional_69
random_proportional_101	random_proportional_101
random_proportional_133	random_proportional_133
random_proportional_165	random_proportional_165
random_proportional_197	random_proportional_197
random_proportional_229	random_proportional_229
random_proportional_261	random_proportional_261
random_proportional_293	random_proportional_293
random_proportional_325	random_proportional_325
random_proportional_357	random_proportional_357
random_proportional_389	random_proportional_389
random_proportional_421	random_proportional_421
random_proportional_453	random_proportional_453
random_proportional_485	random_proportional_485
random_proportional_517	random_proportional_517
random_proportional_549	random_proportional_549
random_proportional_581	random_proportional_581
random_proportional_613	random_proportional_613
random_proportional_645	random_proportional_645
random_proportional_677	random_proportional_677
random_proportional_709	random_proportional_709
random_proportional_741	random_proportional_741
random_proportional_773	random_proportional_773
random_proportional_805	random_proportional_805
random_proportional_837	random_proportional_837
random_proportional_869	random_proportional_869
random_proportional_901	random_proportional_901
random_proportional_933	random_proportional_933
random_proportional_965	random_proportional_965
random_proportional_997	random_proportional_997
random_proportional_6	random_proportional_6
random_proportional_38	random_proportional_38
random_proportional_70	random_proportional_70
random_proportional_102	random_proportional_102
random_proportional_134	random_proportional_134
random_proportional_166	random_proportional_166
random_proportional_198	random_proportional_198
random_proportional_230	random_proportional_230
random_proportional_342	random_proportional_342
random_proportional_374	random_proportional_374
random_proportional_406	random_proportional_406
random_proportional_438	random_proportional_438
random_proportional_470	random_proportional_470
random_proportional_502	random_proportional_502
random_proportional_534	random_proportional_534
random_proportional_566	random_proportional_566
random_proportional_598	random_proportional_598
random_proportional_630	random_proportional_630
random_proportional_662	random_proportional_662
random_proportional_694	random_proportional_694
random_proportional_726	random_proportional_726
random_proportional_758	random_proportional_758
random_proportional_790	random_proportional_790
random_proportional_822	random_proportional_822
random_proportional_854	random_proportional_854
random_proportional_886	random_proportional_886
random_proportional_918	random_proportional_918
random_proportional_950	random_proportional_950
random_proportional_982	random_proportional_982
random_proportional_23	random_proportional_23
random_proportional_55	random_proportional_55
random_proportional_87	random_proportional_87
random_proportional_119	random_proportional_119
random_proportional_151	random_proportional_151
random_proportional_183	random_proportional_183
random_proportional_215	random_proportional_215
random_proportional_247	random_proportional_247
random_proportional_279	random_proportional_279
random_proportional_311	random_proportional_311
random_proportional_343	random_proportional_343
random_proportional_375	random_proportional_375
random_proportional_407	random_proportional_407
random_proportional_439	random_proportional_439
random_proportional_471	random_proportional_471
random_proportional_503	random_proportional_503
random_proportional_535	random_proportional_535
random_proportional_567	random_proportional_567
random_proportional_599	random_proportional_599
random_proportional_631	random_proportional_631
random_proportional_663	random_proportional_663
random_proportional_695	random_proportional_695
random_proportional_727	random_proportional_727
random_proportional_759	random_proportional_759
random_proportional_791	random_proportional_791
random_proportional_823	random_proportional_823
random_proportional_855	random_proportional_855
random_proportional_887	random_proportional_887
random_proportional_919	random_proportional_919
random_proportional_951	random_proportional_951
random_proportional_983	random_proportional_983
random_proportional_24	random_proportional_24
random_proportional_56	random_proportional_56
random_proportional_88	random_proportional_88
random_proportional_120	random_proportional_120
random_proportional_152	random_proportional_152
random_proportional_184	random_proportional_184
random_proportional_216	random_proportional_216
random_proportional_248	random_proportional_248
random_proportional_280	random_proportional_280
random_proportional_312	random_proportional_312
random_proportional_344	random_proportional_344
random_proportional_376	random_proportional_376
random_proportional_408	random_proportional_408
random_proportional_440	random_proportional_440
random_proportional_472	random_proportional_472
random_proportional_504	random_proportional_504
random_proportional_536	random_proportional_536
random_proportional_568	random_proportional_568
random_proportional_600	random_proportional_600
random_proportional_632	random_proportional_632
random_proportional_664	random_proportional_664
random_proportional_696	random_proportional_696
random_proportional_728	random_proportional_728
random_proportional_760	random_proportional_760
random_proportional_792	random_proportional_792
random_proportional_824	random_proportional_824
random_proportional_856	random_proportional_856
random_proportional_888	random_proportional_888
random_proportional_920	random_proportional_920
random_proportional_952	random_proportional_952
random_proportional_984	random_proportional_984
random_proportional_25	random_proportional_25
random_proportional_57	random_proportional_57
random_proportional_89	random_proportional_89
random_proportional_121	random_proportional_121
random_proportional_153	random_proportional_153
random_proportional_185	random_proportional_185
random_proportional_217	random_proportional_217
random_proportional_249	random_proportional_249
random_proportional_281	random_proportional_281
random_proportional_313	random_proportional_313
random_proportional_345	random_proportional_345
random_proportional_377	random_proportional_377
random_proportional_409	random_proportional_409
random_proportional_441	random_proportional_441
random_proportional_473	random_proportional_473
random_proportional_505	random_proportional_505
random_proportional_537	random_proportional_537
random_proportional_796	random_proportional_796
random_proportional_828	random_proportional_828
random_proportional_860	random_proportional_860
random_proportional_892	random_proportional_892
random_proportional_924	random_proportional_924
random_proportional_956	random_proportional_956
random_proportional_988	random_proportional_988
random_proportional_29	random_proportional_29
random_proportional_61	random_proportional_61
random_proportional_93	random_proportional_93
random_proportional_125	random_proportional_125
random_proportional_157	random_proportional_157
random_proportional_189	random_proportional_189
random_proportional_221	random_proportional_221
random_proportional_253	random_proportional_253
random_proportional_285	random_proportional_285
random_proportional_317	random_proportional_317
random_proportional_349	random_proportional_349
random_proportional_381	random_proportional_381
random_proportional_413	random_proportional_413
random_proportional_445	random_proportional_445
random_proportional_477	random_proportional_477
random_proportional_509	random_proportional_509
random_proportional_541	random_proportional_541
random_proportional_573	random_proportional_573
random_proportional_605	random_proportional_605
random_proportional_637	random_proportional_637
random_proportional_669	random_proportional_669
random_proportional_701	random_proportional_701
random_proportional_733	random_proportional_733
random_proportional_765	random_proportional_765
random_proportional_797	random_proportional_797
random_proportional_829	random_proportional_829
random_proportional_861	random_proportional_861
random_proportional_893	random_proportional_893
random_proportional_925	random_proportional_925
random_proportional_957	random_proportional_957
random_proportional_989	random_proportional_989
random_proportional_30	random_proportional_30
random_proportional_62	random_proportional_62
random_proportional_94	random_proportional_94
random_proportional_126	random_proportional_126
random_proportional_158	random_proportional_158
random_proportional_190	random_proportional_190
random_proportional_222	random_proportional_222
random_proportional_254	random_proportional_254
random_proportional_286	random_proportional_286
random_proportional_318	random_proportional_318
random_proportional_350	random_proportional_350
random_proportional_382	random_proportional_382
random_proportional_414	random_proportional_414
random_proportional_446	random_proportional_446
random_proportional_478	random_proportional_478
random_proportional_510	random_proportional_510
random_proportional_542	random_proportional_542
random_proportional_574	random_proportional_574
random_proportional_606	random_proportional_606
random_proportional_638	random_proportional_638
random_proportional_670	random_proportional_670
random_proportional_702	random_proportional_702
random_proportional_734	random_proportional_734
random_proportional_766	random_proportional_766
random_proportional_798	random_proportional_798
random_proportional_830	random_proportional_830
random_proportional_862	random_proportional_862
random_proportional_894	random_proportional_894
random_proportional_926	random_proportional_926
random_proportional_958	random_proportional_958
random_proportional_990	random_proportional_990
random_proportional_31	random_proportional_31
random_proportional_63	random_proportional_63
random_proportional_95	random_proportional_95
random_proportional_127	random_proportional_127
random_proportional_159	random_proportional_159
random_proportional_191	random_proportional_191
random_proportional_223	random_proportional_223
random_proportional_255	random_proportional_255
random_proportional_287	random_proportional_287
random_proportional_319	random_proportional_319
random_proportional_351	random_proportional_351
random_proportional_383	random_proportional_383
random_proportional_415	random_proportional_415
random_proportional_447	random_proportional_447
random_proportional_479	random_proportional_479
random_proportional_511	random_proportional_511
random_proportional_543	random_proportional_543
random_proportional_575	random_proportional_575
random_proportional_607	random_proportional_607
random_proportional_639	random_proportional_639
random_proportional_671	random_proportional_671
random_proportional_703	random_proportional_703
random_proportional_735	random_proportional_735
random_proportional_767	random_proportional_767
random_proportional_799	random_proportional_799
random_proportional_831	random_proportional_831
random_proportional_863	random_proportional_863
random_proportional_895	random_proportional_895
random_proportional_927	random_proportional_927
random_proportional_959	random_proportional_959
random_proportional_991	random_proportional_991
random_proportional_115	random_proportional_115
random_proportional_147	random_proportional_147
random_proportional_179	random_proportional_179
random_proportional_211	random_proportional_211
random_proportional_243	random_proportional_243
random_proportional_275	random_proportional_275
random_proportional_307	random_proportional_307
random_proportional_339	random_proportional_339
random_proportional_371	random_proportional_371
random_proportional_403	random_proportional_403
random_proportional_435	random_proportional_435
random_proportional_467	random_proportional_467
random_proportional_499	random_proportional_499
random_proportional_531	random_proportional_531
random_proportional_563	random_proportional_563
random_proportional_595	random_proportional_595
random_proportional_627	random_proportional_627
random_proportional_659	random_proportional_659
random_proportional_691	random_proportional_691
random_proportional_723	random_proportional_723
random_proportional_755	random_proportional_755
random_proportional_787	random_proportional_787
random_proportional_819	random_proportional_819
random_proportional_851	random_proportional_851
random_proportional_883	random_proportional_883
random_proportional_915	random_proportional_915
random_proportional_947	random_proportional_947
random_proportional_979	random_proportional_979
random_proportional_20	random_proportional_20
random_proportional_52	random_proportional_52
random_proportional_84	random_proportional_84
random_proportional_116	random_proportional_116
random_proportional_148	random_proportional_148
random_proportional_180	random_proportional_180
random_proportional_212	random_proportional_212
random_proportional_244	random_proportional_244
random_proportional_276	random_proportional_276
random_proportional_308	random_proportional_308
random_proportional_340	random_proportional_340
random_proportional_372	random_proportional_372
random_proportional_404	random_proportional_404
random_proportional_436	random_proportional_436
random_proportional_468	random_proportional_468
random_proportional_500	random_proportional_500
random_proportional_532	random_proportional_532
random_proportional_564	random_proportional_564
random_proportional_596	random_proportional_596
random_proportional_628	random_proportional_628
random_proportional_660	random_proportional_660
random_proportional_692	random_proportional_692
random_proportional_724	random_proportional_724
random_proportional_756	random_proportional_756
random_proportional_788	random_proportional_788
random_proportional_820	random_proportional_820
random_proportional_852	random_proportional_852
random_proportional_884	random_proportional_884
random_proportional_916	random_proportional_916
random_proportional_948	random_proportional_948
random_proportional_980	random_proportional_980
random_proportional_21	random_proportional_21
random_proportional_53	random_proportional_53
random_proportional_85	random_proportional_85
random_proportional_117	random_proportional_117
random_proportional_149	random_proportional_149
random_proportional_181	random_proportional_181
random_proportional_213	random_proportional_213
random_proportional_245	random_proportional_245
random_proportional_277	random_proportional_277
random_proportional_309	random_proportional_309
random_proportional_341	random_proportional_341
random_proportional_373	random_proportional_373
random_proportional_405	random_proportional_405
random_proportional_437	random_proportional_437
random_proportional_469	random_proportional_469
random_proportional_501	random_proportional_501
random_proportional_533	random_proportional_533
random_proportional_565	random_proportional_565
random_proportional_597	random_proportional_597
random_proportional_629	random_proportional_629
random_proportional_661	random_proportional_661
random_proportional_693	random_proportional_693
random_proportional_725	random_proportional_725
random_proportional_757	random_proportional_757
random_proportional_789	random_proportional_789
random_proportional_821	random_proportional_821
random_proportional_853	random_proportional_853
random_proportional_885	random_proportional_885
random_proportional_917	random_proportional_917
random_proportional_949	random_proportional_949
random_proportional_981	random_proportional_981
random_proportional_22	random_proportional_22
random_proportional_54	random_proportional_54
random_proportional_86	random_proportional_86
random_proportional_118	random_proportional_118
random_proportional_150	random_proportional_150
random_proportional_182	random_proportional_182
random_proportional_214	random_proportional_214
random_proportional_246	random_proportional_246
random_proportional_278	random_proportional_278
random_proportional_310	random_proportional_310
random_proportional_262	random_proportional_262
random_proportional_294	random_proportional_294
random_proportional_326	random_proportional_326
random_proportional_358	random_proportional_358
random_proportional_390	random_proportional_390
random_proportional_422	random_proportional_422
random_proportional_454	random_proportional_454
random_proportional_486	random_proportional_486
random_proportional_518	random_proportional_518
random_proportional_550	random_proportional_550
random_proportional_582	random_proportional_582
random_proportional_614	random_proportional_614
random_proportional_646	random_proportional_646
random_proportional_678	random_proportional_678
random_proportional_710	random_proportional_710
random_proportional_742	random_proportional_742
random_proportional_774	random_proportional_774
random_proportional_806	random_proportional_806
random_proportional_838	random_proportional_838
random_proportional_870	random_proportional_870
random_proportional_902	random_proportional_902
random_proportional_934	random_proportional_934
random_proportional_966	random_proportional_966
random_proportional_998	random_proportional_998
random_proportional_7	random_proportional_7
random_proportional_39	random_proportional_39
random_proportional_71	random_proportional_71
random_proportional_103	random_proportional_103
random_proportional_135	random_proportional_135
random_proportional_167	random_proportional_167
random_proportional_199	random_proportional_199
random_proportional_231	random_proportional_231
random_proportional_263	random_proportional_263
random_proportional_295	random_proportional_295
random_proportional_327	random_proportional_327
random_proportional_359	random_proportional_359
random_proportional_391	random_proportional_391
random_proportional_423	random_proportional_423
random_proportional_455	random_proportional_455
random_proportional_487	random_proportional_487
random_proportional_519	random_proportional_519
random_proportional_551	random_proportional_551
random_proportional_583	random_proportional_583
random_proportional_615	random_proportional_615
random_proportional_647	random_proportional_647
random_proportional_679	random_proportional_679
random_proportional_711	random_proportional_711
random_proportional_743	random_proportional_743
random_proportional_775	random_proportional_775
random_proportional_807	random_proportional_807
random_proportional_839	random_proportional_839
random_proportional_871	random_proportional_871
random_proportional_903	random_proportional_903
random_proportional_935	random_proportional_935
random_proportional_967	random_proportional_967
random_proportional_999	random_proportional_999
random_proportional_8	random_proportional_8
random_proportional_40	random_proportional_40
random_proportional_72	random_proportional_72
random_proportional_104	random_proportional_104
random_proportional_136	random_proportional_136
random_proportional_168	random_proportional_168
random_proportional_200	random_proportional_200
random_proportional_232	random_proportional_232
random_proportional_264	random_proportional_264
random_proportional_296	random_proportional_296
random_proportional_328	random_proportional_328
random_proportional_360	random_proportional_360
random_proportional_392	random_proportional_392
random_proportional_424	random_proportional_424
random_proportional_456	random_proportional_456
random_proportional_488	random_proportional_488
random_proportional_520	random_proportional_520
random_proportional_552	random_proportional_552
random_proportional_584	random_proportional_584
random_proportional_616	random_proportional_616
random_proportional_648	random_proportional_648
random_proportional_680	random_proportional_680
random_proportional_712	random_proportional_712
random_proportional_744	random_proportional_744
random_proportional_776	random_proportional_776
random_proportional_808	random_proportional_808
random_proportional_840	random_proportional_840
random_proportional_872	random_proportional_872
random_proportional_904	random_proportional_904
random_proportional_936	random_proportional_936
random_proportional_968	random_proportional_968
random_proportional_9	random_proportional_9
random_proportional_41	random_proportional_41
random_proportional_73	random_proportional_73
random_proportional_105	random_proportional_105
random_proportional_137	random_proportional_137
random_proportional_169	random_proportional_169
random_proportional_201	random_proportional_201
random_proportional_233	random_proportional_233
random_proportional_265	random_proportional_265
random_proportional_297	random_proportional_297
random_proportional_329	random_proportional_329
random_proportional_361	random_proportional_361
random_proportional_393	random_proportional_393
random_proportional_879	random_proportional_879
random_proportional_911	random_proportional_911
random_proportional_943	random_proportional_943
random_proportional_975	random_proportional_975
random_proportional_16	random_proportional_16
random_proportional_48	random_proportional_48
random_proportional_80	random_proportional_80
random_proportional_112	random_proportional_112
random_proportional_144	random_proportional_144
random_proportional_176	random_proportional_176
random_proportional_208	random_proportional_208
random_proportional_240	random_proportional_240
random_proportional_272	random_proportional_272
random_proportional_304	random_proportional_304
random_proportional_336	random_proportional_336
random_proportional_368	random_proportional_368
random_proportional_400	random_proportional_400
random_proportional_432	random_proportional_432
random_proportional_464	random_proportional_464
random_proportional_496	random_proportional_496
random_proportional_528	random_proportional_528
random_proportional_560	random_proportional_560
random_proportional_592	random_proportional_592
random_proportional_624	random_proportional_624
random_proportional_656	random_proportional_656
random_proportional_688	random_proportional_688
random_proportional_720	random_proportional_720
random_proportional_752	random_proportional_752
random_proportional_784	random_proportional_784
random_proportional_816	random_proportional_816
random_proportional_848	random_proportional_848
random_proportional_880	random_proportional_880
random_proportional_912	random_proportional_912
random_proportional_944	random_proportional_944
random_proportional_976	random_proportional_976
random_proportional_17	random_proportional_17
random_proportional_49	random_proportional_49
random_proportional_81	random_proportional_81
random_proportional_113	random_proportional_113
random_proportional_145	random_proportional_145
random_proportional_177	random_proportional_177
random_proportional_209	random_proportional_209
random_proportional_241	random_proportional_241
random_proportional_273	random_proportional_273
random_proportional_305	random_proportional_305
random_proportional_337	random_proportional_337
random_proportional_369	random_proportional_369
random_proportional_401	random_proportional_401
random_proportional_433	random_proportional_433
random_proportional_465	random_proportional_465
random_proportional_497	random_proportional_497
random_proportional_529	random_proportional_529
random_proportional_561	random_proportional_561
random_proportional_593	random_proportional_593
random_proportional_625	random_proportional_625
random_proportional_657	random_proportional_657
random_proportional_689	random_proportional_689
random_proportional_721	random_proportional_721
random_proportional_753	random_proportional_753
random_proportional_785	random_proportional_785
random_proportional_817	random_proportional_817
random_proportional_849	random_proportional_849
random_proportional_881	random_proportional_881
random_proportional_913	random_proportional_913
random_proportional_945	random_proportional_945
random_proportional_977	random_proportional_977
random_proportional_18	random_proportional_18
random_proportional_50	random_proportional_50
random_proportional_82	random_proportional_82
random_proportional_114	random_proportional_114
random_proportional_146	random_proportional_146
random_proportional_178	random_proportional_178
random_proportional_210	random_proportional_210
random_proportional_242	random_proportional_242
random_proportional_274	random_proportional_274
random_proportional_306	random_proportional_306
random_proportional_338	random_proportional_338
random_proportional_370	random_proportional_370
random_proportional_402	random_proportional_402
random_proportional_434	random_proportional_434
random_proportional_466	random_proportional_466
random_proportional_498	random_proportional_498
random_proportional_530	random_proportional_530
random_proportional_562	random_proportional_562
random_proportional_594	random_proportional_594
random_proportional_626	random_proportional_626
random_proportional_658	random_proportional_658
random_proportional_690	random_proportional_690
random_proportional_722	random_proportional_722
random_proportional_754	random_proportional_754
random_proportional_786	random_proportional_786
random_proportional_818	random_proportional_818
random_proportional_850	random_proportional_850
random_proportional_882	random_proportional_882
random_proportional_914	random_proportional_914
random_proportional_946	random_proportional_946
random_proportional_978	random_proportional_978
random_proportional_19	random_proportional_19
random_proportional_51	random_proportional_51
random_proportional_83	random_proportional_83
random_proportional_569	random_proportional_569
random_proportional_601	random_proportional_601
random_proportional_633	random_proportional_633
random_proportional_665	random_proportional_665
random_proportional_697	random_proportional_697
random_proportional_729	random_proportional_729
random_proportional_761	random_proportional_761
random_proportional_793	random_proportional_793
random_proportional_825	random_proportional_825
random_proportional_857	random_proportional_857
random_proportional_889	random_proportional_889
random_proportional_921	random_proportional_921
random_proportional_953	random_proportional_953
random_proportional_985	random_proportional_985
random_proportional_26	random_proportional_26
random_proportional_58	random_proportional_58
random_proportional_90	random_proportional_90
random_proportional_122	random_proportional_122
random_proportional_154	random_proportional_154
random_proportional_186	random_proportional_186
random_proportional_218	random_proportional_218
random_proportional_250	random_proportional_250
random_proportional_282	random_proportional_282
random_proportional_314	random_proportional_314
random_proportional_346	random_proportional_346
random_proportional_378	random_proportional_378
random_proportional_410	random_proportional_410
random_proportional_442	random_proportional_442
random_proportional_474	random_proportional_474
random_proportional_506	random_proportional_506
random_proportional_538	random_proportional_538
random_proportional_570	random_proportional_570
random_proportional_602	random_proportional_602
random_proportional_634	random_proportional_634
random_proportional_666	random_proportional_666
random_proportional_698	random_proportional_698
random_proportional_730	random_proportional_730
random_proportional_762	random_proportional_762
random_proportional_794	random_proportional_794
random_proportional_826	random_proportional_826
random_proportional_858	random_proportional_858
random_proportional_890	random_proportional_890
random_proportional_922	random_proportional_922
random_proportional_954	random_proportional_954
random_proportional_986	random_proportional_986
random_proportional_27	random_proportional_27
random_proportional_59	random_proportional_59
random_proportional_91	random_proportional_91
random_proportional_123	random_proportional_123
random_proportional_155	random_proportional_155
random_proportional_187	random_proportional_187
random_proportional_219	random_proportional_219
random_proportional_251	random_proportional_251
random_proportional_283	random_proportional_283
random_proportional_315	random_proportional_315
random_proportional_347	random_proportional_347
random_proportional_379	random_proportional_379
random_proportional_411	random_proportional_411
random_proportional_443	random_proportional_443
random_proportional_475	random_proportional_475
random_proportional_507	random_proportional_507
random_proportional_539	random_proportional_539
random_proportional_571	random_proportional_571
random_proportional_603	random_proportional_603
random_proportional_635	random_proportional_635
random_proportional_667	random_proportional_667
random_proportional_699	random_proportional_699
random_proportional_731	random_proportional_731
random_proportional_763	random_proportional_763
random_proportional_795	random_proportional_795
random_proportional_827	random_proportional_827
random_proportional_859	random_proportional_859
random_proportional_891	random_proportional_891
random_proportional_923	random_proportional_923
random_proportional_955	random_proportional_955
random_proportional_987	random_proportional_987
random_proportional_28	random_proportional_28
random_proportional_60	random_proportional_60
random_proportional_92	random_proportional_92
random_proportional_124	random_proportional_124
random_proportional_156	random_proportional_156
random_proportional_188	random_proportional_188
random_proportional_220	random_proportional_220
random_proportional_252	random_proportional_252
random_proportional_284	random_proportional_284
random_proportional_316	random_proportional_316
random_proportional_348	random_proportional_348
random_proportional_380	random_proportional_380
random_proportional_412	random_proportional_412
random_proportional_444	random_proportional_444
random_proportional_476	random_proportional_476
random_proportional_508	random_proportional_508
random_proportional_540	random_proportional_540
random_proportional_572	random_proportional_572
random_proportional_604	random_proportional_604
random_proportional_636	random_proportional_636
random_proportional_668	random_proportional_668
random_proportional_700	random_proportional_700
random_proportional_732	random_proportional_732
random_proportional_764	random_proportional_764
random_proportional_425	random_proportional_425
random_proportional_457	random_proportional_457
random_proportional_489	random_proportional_489
random_proportional_521	random_proportional_521
random_proportional_553	random_proportional_553
random_proportional_585	random_proportional_585
random_proportional_617	random_proportional_617
random_proportional_649	random_proportional_649
random_proportional_681	random_proportional_681
random_proportional_713	random_proportional_713
random_proportional_745	random_proportional_745
random_proportional_777	random_proportional_777
random_proportional_809	random_proportional_809
random_proportional_841	random_proportional_841
random_proportional_873	random_proportional_873
random_proportional_905	random_proportional_905
random_proportional_937	random_proportional_937
random_proportional_969	random_proportional_969
random_proportional_10	random_proportional_10
random_proportional_42	random_proportional_42
random_proportional_74	random_proportional_74
random_proportional_106	random_proportional_106
random_proportional_138	random_proportional_138
random_proportional_170	random_proportional_170
random_proportional_202	random_proportional_202
random_proportional_234	random_proportional_234
random_proportional_266	random_proportional_266
random_proportional_298	random_proportional_298
random_proportional_330	random_proportional_330
random_proportional_362	random_proportional_362
random_proportional_394	random_proportional_394
random_proportional_426	random_proportional_426
random_proportional_458	random_proportional_458
random_proportional_490	random_proportional_490
random_proportional_522	random_proportional_522
random_proportional_554	random_proportional_554
random_proportional_586	random_proportional_586
random_proportional_618	random_proportional_618
random_proportional_650	random_proportional_650
random_proportional_682	random_proportional_682
random_proportional_714	random_proportional_714
random_proportional_746	random_proportional_746
random_proportional_778	random_proportional_778
random_proportional_810	random_proportional_810
random_proportional_842	random_proportional_842
random_proportional_874	random_proportional_874
random_proportional_906	random_proportional_906
random_proportional_938	random_proportional_938
random_proportional_970	random_proportional_970
random_proportional_11	random_proportional_11
random_proportional_43	random_proportional_43
random_proportional_75	random_proportional_75
random_proportional_107	random_proportional_107
random_proportional_139	random_proportional_139
random_proportional_171	random_proportional_171
random_proportional_203	random_proportional_203
random_proportional_235	random_proportional_235
random_proportional_267	random_proportional_267
random_proportional_299	random_proportional_299
random_proportional_331	random_proportional_331
random_proportional_363	random_proportional_363
random_proportional_395	random_proportional_395
random_proportional_427	random_proportional_427
random_proportional_459	random_proportional_459
random_proportional_491	random_proportional_491
random_proportional_523	random_proportional_523
random_proportional_555	random_proportional_555
random_proportional_587	random_proportional_587
random_proportional_619	random_proportional_619
random_proportional_651	random_proportional_651
random_proportional_683	random_proportional_683
random_proportional_715	random_proportional_715
random_proportional_747	random_proportional_747
random_proportional_779	random_proportional_779
random_proportional_811	random_proportional_811
random_proportional_843	random_proportional_843
random_proportional_875	random_proportional_875
random_proportional_907	random_proportional_907
random_proportional_939	random_proportional_939
random_proportional_971	random_proportional_971
random_proportional_12	random_proportional_12
random_proportional_44	random_proportional_44
random_proportional_76	random_proportional_76
random_proportional_108	random_proportional_108
random_proportional_140	random_proportional_140
random_proportional_172	random_proportional_172
random_proportional_204	random_proportional_204
random_proportional_236	random_proportional_236
random_proportional_268	random_proportional_268
random_proportional_300	random_proportional_300
random_proportional_332	random_proportional_332
random_proportional_364	random_proportional_364
random_proportional_396	random_proportional_396
random_proportional_428	random_proportional_428
random_proportional_460	random_proportional_460
random_proportional_492	random_proportional_492
random_proportional_524	random_proportional_524
random_proportional_556	random_proportional_556
random_proportional_588	random_proportional_588
random_proportional_620	random_proportional_620
random_proportional_652	random_proportional_652
random_proportional_684	random_proportional_684
random_proportional_716	random_proportional_716
random_proportional_748	random_proportional_748
random_proportional_780	random_proportional_780
random_proportional_812	random_proportional_812
random_proportional_844	random_proportional_844
random_proportional_876	random_proportional_876
random_proportional_908	random_proportional_908
random_proportional_940	random_proportional_940
random_proportional_972	random_proportional_972
random_proportional_13	random_proportional_13
random_proportional_45	random_proportional_45
random_proportional_77	random_proportional_77
random_proportional_109	random_proportional_109
random_proportional_141	random_proportional_141
random_proportional_173	random_proportional_173
random_proportional_205	random_proportional_205
random_proportional_237	random_proportional_237
random_proportional_269	random_proportional_269
random_proportional_301	random_proportional_301
random_proportional_333	random_proportional_333
random_proportional_365	random_proportional_365
random_proportional_397	random_proportional_397
random_proportional_429	random_proportional_429
random_proportional_461	random_proportional_461
random_proportional_493	random_proportional_493
random_proportional_525	random_proportional_525
random_proportional_557	random_proportional_557
random_proportional_589	random_proportional_589
random_proportional_621	random_proportional_621
random_proportional_653	random_proportional_653
random_proportional_685	random_proportional_685
random_proportional_717	random_proportional_717
random_proportional_749	random_proportional_749
random_proportional_781	random_proportional_781
random_proportional_813	random_proportional_813
random_proportional_845	random_proportional_845
random_proportional_877	random_proportional_877
random_proportional_909	random_proportional_909
random_proportional_941	random_proportional_941
random_proportional_973	random_proportional_973
random_proportional_14	random_proportional_14
random_proportional_46	random_proportional_46
random_proportional_78	random_proportional_78
random_proportional_110	random_proportional_110
random_proportional_142	random_proportional_142
random_proportional_174	random_proportional_174
random_proportional_206	random_proportional_206
random_proportional_238	random_proportional_238
random_proportional_270	random_proportional_270
random_proportional_302	random_proportional_302
random_proportional_334	random_proportional_334
random_proportional_366	random_proportional_366
random_proportional_398	random_proportional_398
random_proportional_430	random_proportional_430
random_proportional_462	random_proportional_462
random_proportional_494	random_proportional_494
random_proportional_526	random_proportional_526
random_proportional_558	random_proportional_558
random_proportional_590	random_proportional_590
random_proportional_622	random_proportional_622
random_proportional_654	random_proportional_654
random_proportional_686	random_proportional_686
random_proportional_718	random_proportional_718
random_proportional_750	random_proportional_750
random_proportional_782	random_proportional_782
random_proportional_814	random_proportional_814
random_proportional_846	random_proportional_846
random_proportional_878	random_proportional_878
random_proportional_910	random_proportional_910
random_proportional_942	random_proportional_942
random_proportional_974	random_proportional_974
random_proportional_15	random_proportional_15
random_proportional_47	random_proportional_47
random_proportional_79	random_proportional_79
random_proportional_111	random_proportional_111
random_proportional_143	random_proportional_143
random_proportional_175	random_proportional_175
random_proportional_207	random_proportional_207
random_proportional_239	random_proportional_239
random_proportional_271	random_proportional_271
random_proportional_303	random_proportional_303
random_proportional_335	random_proportional_335
random_proportional_367	random_proportional_367
random_proportional_399	random_proportional_399
random_proportional_431	random_proportional_431
random_proportional_463	random_proportional_463
random_proportional_495	random_proportional_495
random_proportional_527	random_proportional_527
random_proportional_559	random_proportional_559
random_proportional_591	random_proportional_591
random_proportional_623	random_proportional_623
random_proportional_655	random_proportional_655
random_proportional_687	random_proportional_687
random_proportional_719	random_proportional_719
random_proportional_751	random_proportional_751
random_proportional_783	random_proportional_783
random_proportional_815	random_proportional_815
random_proportional_847	random_proportional_847
